,Company,Revenue Growth by (%),Net Income Growth by (%),Assets Growth (%),Liabilities Growth (%),Cash Flow from Operations Growth(%)
0,Apple,-2.1745647100982923,-1.119058821872704,-0.14938754409486998,-0.22709171534817477,-1.4424923704330723
1,Microsoft,-10.83078926939769,-7.621900405716476,-6.651679397137893,-2.3015671263185045,-4.050053157916089
2,Tesla,-24.876359942620468,-36.09645430650464,-15.771471364442299,-10.480864134181635,-3.614122737741436
